02108,BOSTON,MA,US,0.00 miles
02112,BOSTON,MA,US,0.22 miles
02117,BOSTON,MA,US,0.22 miles
02123,BOSTON,MA,US,0.22 miles
02137,READVILLE,MA,US,0.22 miles
02455,NORTH WALTHAM,MA,US,0.22 miles
02196,BOSTON,MA,US,0.23 miles
02201,BOSTON,MA,US,0.23 miles
02204,BOSTON,MA,US,0.23 miles
02206,BOSTON,MA,US,0.23 miles
02211,BOSTON,MA,US,0.23 miles
02217,BOSTON,MA,US,0.23 miles
02241,BOSTON,MA,US,0.23 miles
02266,BOSTON,MA,US,0.23 miles
02283,BOSTON,MA,US,0.23 miles
02284,BOSTON,MA,US,0.23 miles
02293,BOSTON,MA,US,0.23 miles
02295,BOSTON,MA,US,0.23 miles
02297,BOSTON,MA,US,0.23 miles
02203,BOSTON,MA,US,0.34 miles
02114,BOSTON,MA,US,0.37 miles
02110,BOSTON,MA,US,0.54 miles
02111,BOSTON,MA,US,0.57 miles
02222,BOSTON,MA,US,0.63 miles
02109,BOSTON,MA,US,0.68 miles
02205,BOSTON,MA,US,0.70 miles
02113,BOSTON,MA,US,0.71 miles
02133,BOSTON,MA,US,0.77 miles
02116,BOSTON,MA,US,0.79 miles
02142,CAMBRIDGE,MA,US,0.89 miles
02199,BOSTON,MA,US,1.14 miles
02141,CAMBRIDGE,MA,US,1.21 miles
02118,BOSTON,MA,US,1.45 miles
02210,BOSTON,MA,US,1.47 miles
02129,CHARLESTOWN,MA,US,1.68 miles
02139,CAMBRIDGE,MA,US,1.94 miles
02238,CAMBRIDGE,MA,US,1.94 miles
02115,BOSTON,MA,US,1.95 miles
02127,BOSTON,MA,US,2.07 miles
02215,BOSTON,MA,US,2.29 miles
02120,BOSTON,MA,US,2.36 miles
02143,SOMERVILLE,MA,US,2.38 miles
02298,BOSTON,MA,US,2.38 miles
02119,BOSTON,MA,US,2.58 miles
02128,BOSTON,MA,US,2.73 miles
02145,SOMERVILLE,MA,US,2.76 miles
02228,EAST BOSTON,MA,US,2.77 miles
02212,BOSTON,MA,US,2.80 miles
02125,BOSTON,MA,US,2.90 miles
02446,BROOKLINE,MA,US,3.13 miles
02134,ALLSTON,MA,US,3.29 miles
02163,BOSTON,MA,US,3.29 miles
02150,CHELSEA,MA,US,3.37 miles
02456,NEW TOWN,MA,US,3.39 miles
02149,EVERETT,MA,US,3.42 miles
02447,BROOKLINE VILLAGE,MA,US,3.44 miles
02121,BOSTON,MA,US,3.62 miles
02138,CAMBRIDGE,MA,US,3.83 miles
02445,BROOKLINE,MA,US,4.19 miles
02122,BOSTON,MA,US,4.20 miles
02130,JAMAICA PLAIN,MA,US,4.21 miles
02144,SOMERVILLE,MA,US,4.22 miles
02153,MEDFORD,MA,US,4.28 miles
02140,CAMBRIDGE,MA,US,4.35 miles
02152,WINTHROP,MA,US,4.60 miles
02135,BRIGHTON,MA,US,4.66 miles
02124,BOSTON,MA,US,5.01 miles
02148,MALDEN,MA,US,5.24 miles
02155,MEDFORD,MA,US,5.25 miles
02171,QUINCY,MA,US,5.37 miles
02187,MILTON VILLAGE,MA,US,5.42 miles
02467,CHESTNUT HILL,MA,US,5.42 miles
02151,REVERE,MA,US,5.50 miles
02126,MATTAPAN,MA,US,5.79 miles
02131,ROSLINDALE,MA,US,5.88 miles
02472,WATERTOWN,MA,US,5.91 miles
02156,WEST MEDFORD,MA,US,5.95 miles
02458,NEWTON,MA,US,6.09 miles
02471,WATERTOWN,MA,US,6.14 miles
02477,WATERTOWN,MA,US,6.14 miles
02474,ARLINGTON,MA,US,6.44 miles
02478,BELMONT,MA,US,6.56 miles
02475,ARLINGTON HEIGHTS,MA,US,6.57 miles
02170,QUINCY,MA,US,6.68 miles
02176,MELROSE,MA,US,6.95 miles
02476,ARLINGTON,MA,US,6.98 miles
02460,NEWTONVILLE,MA,US,7.30 miles
02459,NEWTON CENTER,MA,US,7.34 miles
02132,WEST ROXBURY,MA,US,7.47 miles
02495,NONANTUM,MA,US,7.54 miles
01890,WINCHESTER,MA,US,7.74 miles
02269,QUINCY,MA,US,7.89 miles
02136,HYDE PARK,MA,US,7.94 miles
02461,NEWTON HIGHLANDS,MA,US,7.94 miles
01906,SAUGUS,MA,US,8.05 miles
02180,STONEHAM,MA,US,8.17 miles
02186,MILTON,MA,US,8.18 miles
02452,WALTHAM,MA,US,8.20 miles
02465,WEST NEWTON,MA,US,8.24 miles
02479,WAVERLEY,MA,US,8.25 miles
02169,QUINCY,MA,US,8.38 miles
02464,NEWTON UPPER FALLS,MA,US,8.45 miles
02453,WALTHAM,MA,US,8.63 miles
02468,WABAN,MA,US,8.81 miles
02454,WALTHAM,MA,US,8.87 miles
01908,NAHANT,MA,US,9.12 miles
02027,DEDHAM,MA,US,9.22 miles
01905,LYNN,MA,US,9.26 miles
02494,NEEDHAM HEIGHTS,MA,US,9.34 miles
01901,LYNN,MA,US,9.35 miles
02466,AUBURNDALE,MA,US,9.37 miles
01903,LYNN,MA,US,9.46 miles
01910,LYNN,MA,US,9.54 miles
01807,WOBURN,MA,US,9.55 miles
01813,WOBURN,MA,US,9.55 miles
01815,WOBURN,MA,US,9.55 miles
01888,WOBURN,MA,US,9.61 miles
02026,DEDHAM,MA,US,9.81 miles
02191,NORTH WEYMOUTH,MA,US,9.82 miles
01880,WAKEFIELD,MA,US,9.95 miles
02462,NEWTON LOWER FALLS,MA,US,9.96 miles
01902,LYNN,MA,US,10.15 miles
02451,WALTHAM,MA,US,10.32 miles
02045,HULL,MA,US,10.33 miles
01801,WOBURN,MA,US,10.33 miles
01904,LYNN,MA,US,10.33 miles
02420,LEXINGTON,MA,US,10.42 miles
02421,LEXINGTON,MA,US,10.52 miles
02492,NEEDHAM,MA,US,10.74 miles
02457,BABSON PARK,MA,US,10.78 miles
02185,BRAINTREE,MA,US,10.86 miles
02184,BRAINTREE,MA,US,11.07 miles
02481,WELLESLEY HILLS,MA,US,11.13 miles
01907,SWAMPSCOTT,MA,US,11.51 miles
02090,WESTWOOD,MA,US,11.67 miles
02493,WESTON,MA,US,11.79 miles
02188,WEYMOUTH,MA,US,11.82 miles
02189,EAST WEYMOUTH,MA,US,11.93 miles
01805,BURLINGTON,MA,US,12.19 miles
01867,READING,MA,US,12.32 miles
02021,CANTON,MA,US,12.42 miles
01803,BURLINGTON,MA,US,12.51 miles
01940,LYNNFIELD,MA,US,12.62 miles
02482,WELLESLEY,MA,US,12.78 miles
02368,RANDOLPH,MA,US,12.93 miles
01960,PEABODY,MA,US,12.97 miles
01731,HANSCOM AFB,MA,US,13.42 miles
01970,SALEM,MA,US,13.50 miles
01773,LINCOLN,MA,US,13.54 miles
02043,HINGHAM,MA,US,13.61 miles
01961,PEABODY,MA,US,13.65 miles
02062,NORWOOD,MA,US,13.88 miles
02030,DOVER,MA,US,13.92 miles
01971,SALEM,MA,US,14.08 miles
01945,MARBLEHEAD,MA,US,14.18 miles
02044,HINGHAM,MA,US,14.23 miles
02190,SOUTH WEYMOUTH,MA,US,14.52 miles
01866,PINEHURST,MA,US,14.57 miles
01730,BEDFORD,MA,US,14.58 miles
02343,HOLBROOK,MA,US,15.09 miles
01889,NORTH READING,MA,US,15.15 miles
01778,WAYLAND,MA,US,15.24 miles
02025,COHASSET,MA,US,15.35 miles
01887,WILMINGTON,MA,US,15.43 miles
01864,NORTH READING,MA,US,15.46 miles
01760,NATICK,MA,US,15.48 miles
02018,ACCORD,MA,US,15.62 miles
02322,AVON,MA,US,15.81 miles
02032,EAST WALPOLE,MA,US,16.01 miles
01937,HATHORNE,MA,US,16.13 miles
01923,DANVERS,MA,US,16.22 miles
01865,NUTTING LAKE,MA,US,16.27 miles
01821,BILLERICA,MA,US,16.45 miles
02072,STOUGHTON,MA,US,16.62 miles
01742,CONCORD,MA,US,16.88 miles
01949,MIDDLETON,MA,US,17.14 miles
02060,NORTH SCITUATE,MA,US,17.15 miles
02351,ABINGTON,MA,US,17.30 miles
02081,WALPOLE,MA,US,17.39 miles
01822,BILLERICA,MA,US,17.40 miles
02055,MINOT,MA,US,17.42 miles
02052,MEDFIELD,MA,US,17.43 miles
02370,ROCKLAND,MA,US,17.60 miles
01915,BEVERLY,MA,US,17.95 miles
02066,SCITUATE,MA,US,18.03 miles
01770,SHERBORN,MA,US,18.08 miles
02067,SHARON,MA,US,18.11 miles
01776,SUDBURY,MA,US,18.43 miles
01965,PRIDES CROSSING,MA,US,18.52 miles
01862,NORTH BILLERICA,MA,US,18.64 miles
01703,FRAMINGHAM,MA,US,18.73 miles
01704,FRAMINGHAM,MA,US,18.73 miles
01705,FRAMINGHAM,MA,US,18.73 miles
02061,NORWELL,MA,US,18.89 miles
01741,CARLISLE,MA,US,19.01 miles
02302,BROCKTON,MA,US,19.04 miles
02303,BROCKTON,MA,US,19.07 miles
02304,BROCKTON,MA,US,19.07 miles
02305,BROCKTON,MA,US,19.07 miles
01701,FRAMINGHAM,MA,US,19.08 miles
02301,BROCKTON,MA,US,19.31 miles
02340,HANOVER,MA,US,19.42 miles
01876,TEWKSBURY,MA,US,19.49 miles
02339,HANOVER,MA,US,19.52 miles
01984,WENHAM,MA,US,19.52 miles